{
	"class_name" : "PinholeCameraParameters",
	"extrinsic" : 
	[
		-0.44115025938721347,
		-0.88117192394364563,
		0.17006613153725975,
		0.0,
		-0.89702949368075902,
		0.43864567627448198,
		-0.054111534376171,
		0.0,
		-0.026917208425752986,
		-0.17642565329100143,
		-0.98394585864843609,
		0.0,
		0.22722164820328872,
		-0.53602997908754446,
		41.958818239864108,
		1.0
	],
	"intrinsic" : 
	{
		"height" : 720,
		"intrinsic_matrix" : 
		[
			623.53829072479584,
			0.0,
			0.0,
			0.0,
			623.53829072479584,
			0.0,
			639.5,
			359.5,
			1.0
		],
		"width" : 1280
	},
	"version_major" : 1,
	"version_minor" : 0
}